name,email,department_id,password
管理者,admin@rvp.co.jp,4,adminp
柳原京香,kyouka105@rvp.co.jp,1,a91u7Z
朝倉真哉,Shinya_Asakura@rvp.co.jp,1,PeDB77
木田奈緒美,naomi792@rvp.co.jp,4,JRUP85
下山向日葵,himari46690@rvp.co.jp,5,VUilWn
児玉喜代,kiyo3965@rvp.co.jp,2,sBqZOi
西谷康代,onishitani@rvp.co.jp,2,wBr0SK
矢部信行,nobuyuki98672@rvp.co.jp,5,yFy7pG
曽根梅吉,Umekichi_Sone@rvp.co.jp,7,O8G5nR
菊田真希,maki_kikuta@rvp.co.jp,7,JBaPW9
神崎乃々歌,nonoka91258@rvp.co.jp,4,CIzFY0
西谷翼,tsubasa013@rvp.co.jp,2,Nm27xV
甲斐和佳奈,wakana3027@rvp.co.jp,4,2wgLq8
戸田真子,mako554@rvp.co.jp,2,gBmg1c
土居陽向,Hinata_Doi@rvp.co.jp,2,zVV9io
細野敬子,Keiko_Hosono@rvp.co.jp,2,FOXUri
塩谷華音,kanon920@rvp.co.jp,6,6rUQMi
保田尚子,naoko58409@rvp.co.jp,1,RsT0b8
小久保恵利,eri_kokubo@rvp.co.jp,4,8gXMjD
橋口弘,hiroshi7264@rvp.co.jp,1,pojPUw
横川静香,shizuka_yokokawa@rvp.co.jp,5,11oIf2
森田尚紀,Naoki_Morita@rvp.co.jp,2,wFvWB8
堀内瑠衣,rui6889@rvp.co.jp,5,VKtdzA
西島小晴,Koharu_Nishijima@rvp.co.jp,5,3Aj8Qg
平林嘉子,Yoshiko_Hirabayashi@rvp.co.jp,1,mDSVMC
石村秀光,hidemitsu_ishimura@rvp.co.jp,3,D2rSYt
池谷靖彦,yasuhiko_iketani@rvp.co.jp,6,lfgmqA
堀口直義,Naoyoshi_Horiguchi@rvp.co.jp,3,9B0kk9
横井正義,masayoshi357@rvp.co.jp,2,8Xe4iv
安藤政吉,masakichi08595@rvp.co.jp,5,WKtaav
陳豊樹,toyoki2256@rvp.co.jp,2,weoxJ0
大沼匡弘,masahiro89415@rvp.co.jp,7,NhJiII
梶田寿子,toshiko_kajita@rvp.co.jp,6,5aNh6Q
門田定男,okadota@rvp.co.jp,6,oOGFgv
磯部蒼志,soushi_isobe@rvp.co.jp,5,wjooVK
栗林麻衣,ikuribayashi@rvp.co.jp,1,fQxdYr
重松冬偉,toui224@rvp.co.jp,3,ljFM0C
石山一仁,Kazuhito_Ishiyama@rvp.co.jp,2,f7LGnb
河崎博嗣,hirotsugu7579@rvp.co.jp,4,yJzLzN
安東信子,nobuko2806@rvp.co.jp,5,zE6p32
井出悠夢,harumu_ide@rvp.co.jp,7,iqLVzp
紺野璃乃,rino_komno@rvp.co.jp,4,VvaJ5w
狩野真理雄,okanou@rvp.co.jp,6,PA7pfH
吉永優来,yura_yoshinaga@rvp.co.jp,5,JteUls
塩沢敏弘,toshihiro3725@rvp.co.jp,4,nPkhcz
平塚定雄,sadao379@rvp.co.jp,5,errLHy
三谷昌一郎,shouichirou225@rvp.co.jp,5,SO8qHo
立石美麗,mirei00120@rvp.co.jp,4,qaox0F
井口千佐子,chisako5006@rvp.co.jp,6,BFUaJ9
柳原美愛,ayanagihara@rvp.co.jp,3,uSFnHC
長瀬雛子,onagase@rvp.co.jp,1,WJB3ag
野崎豊明,toyoaki862@rvp.co.jp,2,1I89yx
小杉芳郎,yoshirou722@rvp.co.jp,1,JqgxWe
福沢智,hzbw-jpyrpgzqsatoshi139@rvp.co.jp,3,OBJCl3
南部花菜,dewtngwsqzlwh=hana664@rvp.co.jp,4,gSQyl3
高瀬向日葵,himari443@rvp.co.jp,4,WpE7O9
片岡里香,rika8342@rvp.co.jp,4,Vg6zmf
木下智恵子,Chieko_Kinoshita@rvp.co.jp,6,GRw8K0
柿崎光信,mitsunobu02622@rvp.co.jp,7,5duIpU
佐伯瞳,cwxorvhitomi4123@rvp.co.jp,2,tCUh1I
冨田愛良,Aira_Tomita@rvp.co.jp,2,DPVfvz
保田晴久,haruhisayasuda@rvp.co.jp,5,jSOCdG
岩沢圭,kei3055@rvp.co.jp,4,LCiSp9
大谷理歩,Riho_Ooya@rvp.co.jp,7,hsWpbj
植松彩乃,ayano9808@rvp.co.jp,5,Sy7Jy2
井原雪乃,kyyyjwrfqsyukino5898@rvp.co.jp,7,6DQB8h
寺岡敏昭,snhlygrtoshiaki27134@rvp.co.jp,6,jcZapv
藤沢琴葉,kotoha0698@rvp.co.jp,7,8DQHnT
織田明緒子,aokooda@rvp.co.jp,7,38QHPQ
室井倫子,michiko381@rvp.co.jp,5,t3BmFJ
宮本咲雪菜,sayuna6843@rvp.co.jp,3,HhuTw9
若林武,takeshi16331@rvp.co.jp,7,uF8kG5
梅田功,isao209@rvp.co.jp,7,mymLg5
梅本尚,kbvlzohhstakashi3397@rvp.co.jp,7,1T6TxE
徳田眞子,mako23050@rvp.co.jp,7,KnzJQb
喜多夕菜,yuuna_kita@rvp.co.jp,3,hWYDBI
青柳彩香,Ayaka_Aoyagi@rvp.co.jp,7,0DKDb6
濱田千紗都,chisato_hamada@rvp.co.jp,5,sQLMnI
酒井美明,yoshiaki346@rvp.co.jp,2,hCqfC5
橋爪英雄,hideo62500@rvp.co.jp,6,3xc5ml
仲野英三,sllhlwszevntrjleizou73184@rvp.co.jp,3,hk9I4v
東海林孝義,takayoshi6713@rvp.co.jp,5,B780UR
金野明菜,akina7894@rvp.co.jp,2,IGoMKW
坂井小梅,esakai@rvp.co.jp,7,wpiNEG
柳沢和秀,kazuhide0612@rvp.co.jp,2,8kYLC8
秋山吉雄,oakiyama@rvp.co.jp,4,e3IUtr
相馬守友,rebggxupyceom-moritomo4956@rvp.co.jp,3,7sHn26
森本哲夫,tetsuo739@rvp.co.jp,1,7Vx9YH
金沢茜,ekanazawa@rvp.co.jp,6,EbuyCO
小峰浩重,hiroshigekomine@rvp.co.jp,5,MP2HMe
関本満喜子,makiko0394@rvp.co.jp,5,K7OJFo
森井進,susumumorii@rvp.co.jp,5,tIXEWA
根本満夫,skmyqpgzi-mitsuo33745@rvp.co.jp,5,HwpnZ9
福元篤彦,atsuhiko68942@rvp.co.jp,2,S3N150
鳴海花子,hanako3033@rvp.co.jp,7,3Uoo7q
小池義郎,yoshirou24233@rvp.co.jp,3,TOq9U0
長沼嘉一,kaichi36035@rvp.co.jp,1,fQUqpm
北沢飛鳥,asuka060@rvp.co.jp,1,nvM23m
本郷広吉,pjqqyypxblrbgehirokichi2603@rvp.co.jp,4,prLS8P
平野陽菜子,hinako67808@rvp.co.jp,3,DiHDlT
加納青冴,seigo55590@rvp.co.jp,1,DrQT0K
本多福太郎,fukutarouhonda@rvp.co.jp,4,5V59GL
江口和葉,kazuhaeguchi@rvp.co.jp,6,jvmBPf
江崎真由美,mayumiezaki@rvp.co.jp,4,vfg1cf
内田夏帆,kaho2243@rvp.co.jp,1,tPDy4X
大原静,shizu184@rvp.co.jp,1,yYh2zp
竹本謙二,itakemoto@rvp.co.jp,3,uQc6GD
柏原真李,shinri2510@rvp.co.jp,6,StL9M8
北沢栄一,Eiichi_Kitazawa@rvp.co.jp,7,U0bYqQ
松木美香,mika3799@rvp.co.jp,4,GvsNGP
若松昇一,shouichi_wakamatsu@rvp.co.jp,6,6ZWB6x
野原一男,onohara@rvp.co.jp,3,ipsHbG
大塚俊幸,iootsuka@rvp.co.jp,3,2NKhTX
阿部音羽,otohaabe@rvp.co.jp,2,RegT7Z
大森萌,moe2780@rvp.co.jp,2,k45wfX
川嶋絹花,kinuka26998@rvp.co.jp,6,sfkGmS
百瀬好雄,yoshio0477@rvp.co.jp,2,gRrssy
茂木章司,shoujimogi@rvp.co.jp,3,AMkobs
澤田保男,yasuo3140@rvp.co.jp,2,StIVMH
河井孝行,takayuki92058@rvp.co.jp,1,CM8hEK
高畑一輝,kazuki77130@rvp.co.jp,1,MtpiZI
藤田国彦,Kunihiko_Fujita@rvp.co.jp,5,whe3cI
西本璃乃,rino72932@rvp.co.jp,7,QpXCe2
有田孝夫,a=aqhdtakao7122@rvp.co.jp,4,WbONdF
湊比奈,Hina_Minato@rvp.co.jp,6,hirUte
今村武志,Takeshi_Imamura@rvp.co.jp,4,MTf83a
宮沢明子,akiko797@rvp.co.jp,6,lQkaTp
長谷秀樹,hideki65566@rvp.co.jp,1,iTXoiO
北川寧々,nene_kitagawa@rvp.co.jp,1,swMDcB
米田舞衣,mai394@rvp.co.jp,3,b6Ezxs
小村晃子,akiko43136@rvp.co.jp,7,OKqJG4
坪井利之,toshiyuki7045@rvp.co.jp,4,gIY8ys
岩渕鈴,riniwabuchi@rvp.co.jp,6,yylbp2
磯部柑奈,kamna4874@rvp.co.jp,4,Hhtn5O
小沢亜希子,uvmddwsjwujakiko7620@rvp.co.jp,5,w5W0B5
青野浩二,kouji23482@rvp.co.jp,4,oYYIEn
宮沢悦代,etsuyo729@rvp.co.jp,5,TdQTzg
吉野宏次,Kouji_Yoshino@rvp.co.jp,7,ttgI11
川西紳悟,shingo_kawanishi@rvp.co.jp,2,1dvADL
土屋結羽,Yuu_Tsuchiya@rvp.co.jp,4,1an2N8
会田花凛,kxwtnhkhwkarin31578@rvp.co.jp,4,hw3a8s
片野宏寿,dsa-=aoowwocwqhirotoshi6333@rvp.co.jp,2,B6Fv0E
荻野優奈,Yuuna_Ogino@rvp.co.jp,5,rTGGib
村田孝吉,koukichi03534@rvp.co.jp,3,LBQz7d
小寺真子,ottgwvahrmxamako25371@rvp.co.jp,1,dlfqUO
塚本篤,atsushi1072@rvp.co.jp,4,Va44Mc
横尾陽子,Youko_Yokoo@rvp.co.jp,3,W1qck8
大井健蔵,eb-aifwvrvxkenzou045@rvp.co.jp,4,F3ha0y
北原良平,ikitahara@rvp.co.jp,7,Oc1nD1
杉野喜代志,kiyoshi09311@rvp.co.jp,5,3gGeYZ
岡村美紀子,Mikiko_Okamura@rvp.co.jp,1,pgKWZ0
木村小梅,rt=mwdtjkoume61472@rvp.co.jp,4,RSSypK
中川幸也,yukiyanakagawa@rvp.co.jp,6,30fvNY
小池甫,hajime55387@rvp.co.jp,6,GYgBCd
神野結芽,Yume_Kamino@rvp.co.jp,3,EiD2cv
上野穂乃花,Honoka_Agano@rvp.co.jp,5,na2Qxs
有馬愛,ai101@rvp.co.jp,3,NZF6EI
脇田瑞樹,mizuki30404@rvp.co.jp,6,y4Mj7O
星秀光,hidemitsu78217@rvp.co.jp,6,ecEYvz
浜野香,kaoru_hamano@rvp.co.jp,6,ZKQzQM
水口実可,amizuguchi@rvp.co.jp,2,mcR4B8
東野遼,haruka440@rvp.co.jp,2,UDv30h
岩井冬和,Towa_Iwai@rvp.co.jp,7,smWaeL
成田文子,ayako91829@rvp.co.jp,6,dkoWpX
吉澤菊男,kikuo9750@rvp.co.jp,5,SlMe4z
安田量子,pvdmbikazuko687@rvp.co.jp,7,ON2Y4D
小野絵美,emi30009@rvp.co.jp,4,AJ0xji
井沢利三郎,risaburou_izawa@rvp.co.jp,7,NHUnqo
中根清作,seisaku23553@rvp.co.jp,5,toWJG5
榎本柚月,yuzuki5331@rvp.co.jp,2,UXB5cq
高田智恵子,chieko_kouda@rvp.co.jp,2,Ujfcn5
住田紫音,shionsumida@rvp.co.jp,7,pYrZdO
新垣冨美子,fumikoaragaki@rvp.co.jp,1,VI4tt9
武藤重吉,juukichi7095@rvp.co.jp,1,rdnljS
浜野邦久,kunihisa_hamano@rvp.co.jp,1,PkNbJ7
勝又直人,naoto3648@rvp.co.jp,1,n3vB2e
鹿野理久人,rikutokano@rvp.co.jp,2,jo5JBJ
梶田茉央,mao92096@rvp.co.jp,5,qY5ITN
平沢凪沙,nagisahirasawa@rvp.co.jp,3,cNPo2E
野島紀子,norikonojima@rvp.co.jp,2,pxjxOl
安西真央,bwua-bbxdikmao0559@rvp.co.jp,1,zfYYy0
小平舞子,jbshkxbjtphomaiko778@rvp.co.jp,4,copxT4
松岡照男,omatsuoka@rvp.co.jp,7,InTHXK
下山俊彦,toshihikoshimoyama@rvp.co.jp,6,UstjLz
赤木徳三郎,tokusaburou0606@rvp.co.jp,6,Krcixq
藤村桜花,hrzlafrozosvxqkouka20823@rvp.co.jp,5,iVNvqS
坂東美和,miwa02726@rvp.co.jp,1,MivmzT
米田耀,wocdodl=unyou395@rvp.co.jp,3,56b6Zd
島本安則,aancwnjqlyasunori371@rvp.co.jp,2,xpF6tp
東野利勝,toshikatsuhigashino@rvp.co.jp,4,mDN8aj
小川繁,iolfd-gshigeru8319@rvp.co.jp,3,cDRUMY
倉田誠子,masakokurata@rvp.co.jp,3,Nqk8cz
藤岡英人,hideto53332@rvp.co.jp,6,N1KEV8
岩田香織,kaoriiwata@rvp.co.jp,1,lLjMJA
我妻陽菜,yj-yji=dlyharuna34113@rvp.co.jp,4,8Ov36S
浅野俊樹,toshiki151@rvp.co.jp,3,EZFukp
志村岩夫,oshimura@rvp.co.jp,7,1Qai4k
小西桂子,keiko476@rvp.co.jp,6,dr9rV6
板垣明美,bgffztoakime42591@rvp.co.jp,6,VGfzdc
内海恵美子,emiko8634@rvp.co.jp,6,aa2nmd